,Value
0,0.1631799945533769
1,0.15744246732026143
2,0.15302315631808278
3,0.15033195533769064
4,0.14709449074074074
5,0.14619303649237472
6,0.14250686819172112
7,0.14096946895424836
8,0.1401291857298475
9,0.13942675381263617
10,0.13912771786492376
11,0.13933093954248366
12,0.13777096132897604
13,0.1376967619825708
14,0.13712599400871459
15,0.13515306917211328
16,0.13616946895424836
17,0.13576937363834424
18,0.1358989297385621
19,0.13562877178649238
20,0.13474764978213508
21,0.1340859722222222
22,0.13407949074074074
23,0.13536795479302832
24,0.13567208061002178
25,0.13406005174291938
26,0.13527330882352942
27,0.13370570533769063
28,0.13330484749455337
29,0.1330448093681917
30,0.1320331209150327
31,0.13186596949891066
32,0.13226600217864923
33,0.13262877723311547
34,0.13256410130718954
35,0.1322299183006536
36,0.1325906454248366
37,0.13300054193899782
38,0.13190083061002178
39,0.13253567265795207
40,0.13201153867102397
41,0.13172933823529412
42,0.1317539351851852
43,0.13231972494553376
44,0.13229892156862746
45,0.13294064270152506
46,0.1352009368191721
47,0.13406914215686275
48,0.13453474128540305
49,0.13483509531590415
50,0.13300669934640522
51,0.13440471949891067
52,0.1351975
53,0.1353900871459695
54,0.1348922440087146
55,0.1342612145969499
56,0.13510035947712418
57,0.13574847766884532
58,0.13542828159041395
59,0.1353470179738562
60,0.1354377096949891
61,0.13490397603485837
62,0.13612447167755992
63,0.13710171840958604
64,0.13681814270152506
65,0.13620345588235294
66,0.13688813180827886
67,0.13649784041394336
68,0.13524916666666667
69,0.13514772875816994
70,0.1333274537037037
71,0.1326416693899782
72,0.1315654411764706
73,0.13331438453159042
74,0.13153667755991286
75,0.13113790305010894
76,0.13105847494553377
77,0.13108552559912853
78,0.1319429357298475
79,0.13168343954248365
80,0.13105916666666667
81,0.13099187091503267
82,0.1317625462962963
83,0.13242579248366013
84,0.13159228213507626
85,0.13134783496732025
86,0.1308863779956427
87,0.13178232843137255
88,0.1326667565359477
89,0.13172869281045751
90,0.13141821623093683
91,0.1329732325708061
92,0.1341031454248366
93,0.13557669389978214
94,0.13422848039215687
95,0.1344716911764706
96,0.1356284885620915
97,0.13569610021786493
98,0.13527211328976035
99,0.13550412854030502
100,0.6452168763616558
101,0.5985217020697168
102,0.5609234068627451
103,0.5233166530501089
104,0.4932494580610022
105,0.46586742102396517
106,0.43999249727668843
107,0.41815575163398694
108,0.4013379656862745
109,0.3851540550108932
110,0.3676314297385621
111,0.3584422930283224
112,0.3466269389978214
113,0.337934447167756
114,0.3297156290849673
115,0.32311857843137254
116,0.3124311683006536
117,0.30896659586056646
118,0.29956195261437907
119,0.2967610239651416
120,0.29399447440087145
121,0.2901604003267974
122,0.28611431644880175
123,0.2822042456427015
124,0.2819512608932462
125,0.2794260239651416
126,0.2753776089324619
127,0.27565076525054466
128,0.27304808006535947
129,0.2688419063180828
130,0.268227589869281
131,0.2643532216775599
132,0.2647598039215686
133,0.26456292755991284
134,0.2649636274509804
135,0.26630142701525056
136,0.26919961873638343
137,0.2684974319172113
138,0.2667421432461874
139,0.2684177614379085
140,0.26850389705882355
141,0.26703644335511983
142,0.26809230392156863
143,0.26708568355119827
144,0.2655690468409586
145,0.2673239488017429
146,0.26538536492374726
147,0.2632789106753813
148,0.26345864379084966
149,0.26109202614379085
150,0.25903324074074074
151,0.2599553022875817
152,0.2608268899782135
153,0.26366224673202615
154,0.26245370098039217
155,0.2625075462962963
156,0.2634647086056645
157,0.26412529956427017
158,0.2603782434640523
159,0.26135016612200435
160,0.2610909967320261
161,0.26508615468409585
162,0.2649445261437908
163,0.26662874727668845
164,0.2654606508714597
165,0.2642428077342048
166,0.2646674863834423
167,0.26447159041394336
168,0.2662897794117647
169,0.26669294389978215
170,0.2648684422657952
171,0.26399021786492377
172,0.2645324945533769
173,0.26176649237472766
174,0.2623063316993464
175,0.26098231209150324
176,0.2616714433551198
177,0.2633479193899782
178,0.26295706427015253
179,0.26409937908496733
180,0.2622619008714597
181,0.26155535403050106
182,0.26542761710239654
183,0.2638040277777778
184,0.26277105936819173
185,0.2649447794117647
186,0.26378602668845313
187,0.2629006236383442
188,0.2621599809368192
189,0.26249981209150325
190,0.2596367238562092
191,0.25930587962962964
192,0.26059748638344227
193,0.2608767892156863
194,0.2574996105664488
195,0.2570058796296296
196,0.25161812908496733
197,0.2515222848583878
198,0.24981734477124182
199,0.2496400517429194
200,0.636812325708061
201,0.57380450708061
202,0.5196448910675381
203,0.4712897031590414
204,0.42921141067538127
205,0.39342615468409586
206,0.36286566721132896
207,0.33332846405228755
208,0.30960053376906316
209,0.28917910403050107
210,0.27229720588235296
211,0.2537496868191721
212,0.2400414488017429
213,0.2260947440087146
214,0.21492498366013071
215,0.2060105065359477
216,0.19876806100217864
217,0.18953207244008716
218,0.18606739923747276
219,0.17985206427015252
220,0.1747850354030501
221,0.1697905473856209
222,0.16499986111111112
223,0.15970864379084967
224,0.1547778267973856
225,0.15047316448801742
226,0.1493349645969499
227,0.14685063453159042
228,0.14522015250544662
229,0.14368180010893247
230,0.14329779956427016
231,0.14202731753812636
232,0.14169777777777778
233,0.14063787309368192
234,0.139229272875817
235,0.13932697440087147
236,0.13936898965141611
237,0.13889096405228757
238,0.13795010620915032
239,0.1367958660130719
240,0.13579237472766884
241,0.1361808251633987
242,0.1355488262527233
243,0.13495170751633986
244,0.13419140522875816
245,0.133804447167756
246,0.13335900871459694
247,0.13389790032679738
248,0.13374959694989108
249,0.13363453703703704
250,0.1326896568627451
251,0.13137782135076254
252,0.13089237472766885
253,0.13069367647058824
254,0.13088809640522875
255,0.13164313725490195
256,0.13167459694989106
257,0.1313434422657952
258,0.13278571078431373
259,0.13318921296296296
260,0.13233482026143792
261,0.13378886437908497
262,0.1352503022875817
263,0.13566989651416123
264,0.13624306644880174
265,0.1369065468409586
266,0.1349714133986928
267,0.13397406590413943
268,0.1336884776688453
269,0.13290994553376906
270,0.1327394825708061
271,0.1307713616557734
272,0.130314651416122
273,0.13098708333333334
274,0.13122528867102395
275,0.13111583333333332
276,0.13206661764705882
277,0.13134211328976034
278,0.13129268790849674
279,0.1303931345315904
280,0.13002521786492374
281,0.12967735021786492
282,0.130361772875817
283,0.1306489814814815
284,0.13087000544662308
285,0.1289376851851852
286,0.12901447984749456
287,0.12961819444444445
288,0.13065707244008715
289,0.1311949591503268
290,0.1325673774509804
291,0.1321688480392157
292,0.13203411220043573
293,0.13292180010893245
294,0.13273926470588235
295,0.1317538371459695
296,0.13248376633986927
297,0.13260455610021787
298,0.13208255174291939
299,0.13327425925925926
300,0.648029994553377
301,0.600708954248366
302,0.5582431617647059
303,0.5227789215686275
304,0.4912872331154684
305,0.46221215958605666
306,0.43738447440087147
307,0.41570563180827885
308,0.3978978267973856
309,0.3830741394335512
310,0.36677660675381263
311,0.3561487717864924
312,0.34783744553376905
313,0.3385777096949891
314,0.3317964896514161
315,0.3247246868191721
316,0.31378332788671026
317,0.3034703839869281
318,0.2997005909586057
319,0.2972210593681917
320,0.29446509531590415
321,0.2909495098039216
322,0.28773313725490196
323,0.2851885893246187
324,0.2857573366013072
325,0.2832934068627451
326,0.2821035539215686
327,0.2795375217864924
328,0.27997354847494554
329,0.27988093137254905
330,0.27695122276688455
331,0.27513471405228757
332,0.2749345697167756
333,0.2736842320261438
334,0.2693701034858388
335,0.2700785593681917
336,0.26762136437908496
337,0.26755110021786493
338,0.26509799836601305
339,0.2650781781045752
340,0.2637407897603486
341,0.26616425925925924
342,0.2684313262527233
343,0.2695519498910675
344,0.27118288126361656
345,0.2713069961873638
346,0.26827400326797385
347,0.2688092973856209
348,0.26812444716775596
349,0.2696415223311547
350,0.2690366503267974
351,0.26984889161220044
352,0.26901572167755994
353,0.2701513425925926
354,0.2681177805010893
355,0.2699
356,0.2690754466230937
357,0.2676677478213508
358,0.2665007434640523
359,0.2682726579520697
360,0.2648992293028322
361,0.2672521759259259
362,0.26894549836601306
363,0.26690978758169936
364,0.2664798311546841
365,0.2676219498910675
366,0.26765257352941174
367,0.26850445533769063
368,0.2676840931372549
369,0.2668052314814815
370,0.2660210539215686
371,0.2635808850762527
372,0.2635898066448802
373,0.2647580936819172
374,0.2656119880174292
375,0.26739789215686277
376,0.2676911328976035
377,0.26680134531590416
378,0.2634604193899782
379,0.26661276416122004
380,0.2673696759259259
381,0.2658020125272331
382,0.26678077614379087
383,0.2650417483660131
384,0.26602873093681917
385,0.266447529956427
386,0.2688922140522876
387,0.267834332788671
388,0.26848834694989104
389,0.26762123093681917
390,0.2669786165577342
391,0.26680885076252725
392,0.2688378104575163
393,0.2705123583877996
394,0.26943572440087143
395,0.26755108387799564
396,0.26554201525054466
397,0.2663702369281046
398,0.2658443600217865
399,0.264485378540305
400,0.6282290631808279
401,0.568758281590414
402,0.5159936111111111
403,0.4692936873638344
404,0.4267288017429194
405,0.3929384586056645
406,0.3612885239651416
407,0.3338387908496732
408,0.3090913725490196
409,0.28704367102396516
410,0.26821288126361653
411,0.2521673148148148
412,0.2394200517429194
413,0.22416542755991287
414,0.21323199074074073
415,0.20280601034858386
416,0.19517709422657953
417,0.18624618736383441
418,0.17814759531590413
419,0.17268550381263617
420,0.16788664215686275
421,0.16262725217864923
422,0.16034934368191722
423,0.15677053921568626
424,0.15402162309368192
425,0.15154927559912854
426,0.14831242102396514
427,0.14634461873638344
428,0.14499488562091503
429,0.14279428921568627
430,0.14223599128540304
431,0.14185463235294118
432,0.14100881808278867
433,0.1399659694989107
434,0.1400647276688453
435,0.13941071350762527
436,0.13888673474945534
437,0.1384529357298475
438,0.1384935403050109
439,0.13851656045751634
440,0.1382920288671024
441,0.13664513071895426
442,0.1356254711328976
443,0.13519226579520696
444,0.13376452614379086
445,0.13355971677559914
446,0.13319321078431373
447,0.13289437091503267
448,0.13439345043572984
449,0.13316187363834422
450,0.133269302832244
451,0.13334941448801743
452,0.13260100490196078
453,0.13222182189542483
454,0.1328361165577342
455,0.13154862472766884
456,0.1303533905228758
457,0.13059423747276688
458,0.12930723583877995
459,0.1297347603485839
460,0.12885834422657952
461,0.12900681644880174
462,0.12931802832244008
463,0.13061974673202614
464,0.1308072549019608
465,0.12956273148148148
466,0.12852887527233114
467,0.12970051470588234
468,0.12886200980392157
469,0.1307384368191721
470,0.13167419117647058
471,0.1312624482570806
472,0.13126180555555556
473,0.13071433278867103
474,0.13099381535947713
475,0.13049797385620915
476,0.1315671051198257
477,0.13244971132897604
478,0.1315944362745098
479,0.1322648474945534
480,0.13081114923747278
481,0.13091559640522876
482,0.1312059477124183
483,0.13198511165577342
484,0.13135571350762526
485,0.1319928540305011
486,0.13186060185185186
487,0.13298021786492376
488,0.13191622004357298
489,0.13392704520697168
490,0.13323725490196078
491,0.13304505446623094
492,0.13347802015250546
493,0.13380205337690632
494,0.13422197984749457
495,0.13399067265795206
496,0.13281136710239652
497,0.13240595860566448
498,0.13173498366013073
499,0.13242018246187365
500,0.6459910893246187
501,0.598982031590414
502,0.556490751633987
503,0.5219112418300653
504,0.4888434068627451
505,0.4629329520697168
506,0.44118437091503265
507,0.41999868464052287
508,0.4022881699346405
509,0.3823140522875817
510,0.3697882679738562
511,0.35755708333333336
512,0.34929635348583876
513,0.33835178921568626
514,0.33039278594771243
515,0.32615503540305013
516,0.31656519880174294
517,0.3097255310457516
518,0.3062341094771242
519,0.2994952287581699
520,0.2933001715686275
521,0.290436045751634
522,0.2867175245098039
523,0.28639014705882354
524,0.282642704248366
525,0.28036999183006533
526,0.2784008823529412
527,0.2767147194989107
528,0.2782237663398693
529,0.2773933959694989
530,0.27645306100217865
531,0.27338704520697166
532,0.272797121459695
533,0.27290429466230937
534,0.27063152777777777
535,0.27066370642701526
536,0.2728393518518519
537,0.2728075
538,0.2712614978213508
539,0.2735722984749455
540,0.27146894335511984
541,0.27129717864923747
542,0.2694305746187364
543,0.2677053839869281
544,0.2703464079520697
545,0.2685487581699346
546,0.2677892075163399
547,0.26606542211328976
548,0.2633259395424837
549,0.26491024237472766
550,0.2647875108932462
551,0.2643784340958606
552,0.2640240359477124
553,0.25886628812636164
554,0.2605263371459695
555,0.2586013208061002
556,0.26132947712418303
557,0.2630340413943355
558,0.266600089869281
559,0.26444411220043573
560,0.26245266612200435
561,0.26331082244008713
562,0.2630902450980392
563,0.2646577913943355
564,0.2650086683006536
565,0.2625911111111111
566,0.263047121459695
567,0.26347639705882353
568,0.263759855664488
569,0.2613008033769063
570,0.26265106753812634
571,0.2633989950980392
572,0.26298191448801744
573,0.2625060838779956
574,0.26187509531590414
575,0.2602574128540305
576,0.26315537581699344
577,0.2615541911764706
578,0.26544404411764705
579,0.26306145152505445
580,0.2634546105664488
581,0.2613536955337691
582,0.26135914760348583
583,0.2622265168845316
584,0.261980727124183
585,0.2663216911764706
586,0.26359767701525055
587,0.26627204793028325
588,0.2657336846405229
589,0.2676291966230937
590,0.2692841394335512
591,0.2685750490196078
592,0.2702833769063181
593,0.26871086328976035
594,0.2700737717864924
595,0.26922113289760347
596,0.26648619553376907
597,0.26588099945533766
598,0.266214621459695
599,0.2628409831154684
600,0.6326583905228759
601,0.5716149428104575
602,0.5192427069716775
603,0.4711530746187364
604,0.43022452614379086
605,0.3953390713507625
606,0.3635511192810458
607,0.33476209150326797
608,0.309117848583878
609,0.28784925108932463
610,0.26976775326797386
611,0.2534944716775599
612,0.24022530773420478
613,0.22895227124183007
614,0.2189984586056645
615,0.20845877450980393
616,0.19998348583877995
617,0.1918827450980392
618,0.18467639433551197
619,0.18017847494553377
620,0.1752054302832244
621,0.17149208061002177
622,0.16606483387799564
623,0.16223720043572984
624,0.15984803104575163
625,0.15727138616557734
626,0.15442722494553376
627,0.15062353758169936
628,0.1489544989106754
629,0.147232181372549
630,0.1467791639433551
631,0.14472998638344226
632,0.14452399237472766
633,0.14333915305010894
634,0.14274311819172114
635,0.1413637908496732
636,0.14084468954248366
637,0.14032444444444445
638,0.1397480882352941
639,0.13752343137254902
640,0.13811929738562093
641,0.13678996187363834
642,0.137058052832244
643,0.1376586002178649
644,0.13769721677559912
645,0.1364220697167756
646,0.13570327614379085
647,0.1352644362745098
648,0.13475211873638343
649,0.1342540413943355
650,0.13412462418300652
651,0.13446811274509804
652,0.1346293545751634
653,0.13414293845315906
654,0.13314475762527234
655,0.13346916122004357
656,0.13303293845315903
657,0.13442122821350763
658,0.13331132625272332
659,0.13345586873638343
660,0.13286800925925926
661,0.13373889433551198
662,0.13340327614379086
663,0.13274836056644881
664,0.13265558551198256
665,0.1321135294117647
666,0.13104759531590415
667,0.13011465958605664
668,0.1291618082788671
669,0.12829059095860568
670,0.1281516911764706
671,0.12917577069716776
672,0.1303467211328976
673,0.1295316639433551
674,0.13022831699346404
675,0.12959808551198257
676,0.12885470588235295
677,0.1295683605664488
678,0.1296407625272331
679,0.13063260348583877
680,0.1307795125272331
681,0.12993804193899783
682,0.12911703159041393
683,0.1288761574074074
684,0.13056402777777779
685,0.1305777450980392
686,0.12982055010893245
687,0.1300916748366013
688,0.13105097766884533
689,0.13236582788671025
690,0.1319996623093682
691,0.13275285130718953
692,0.13330502450980392
693,0.13211666122004356
694,0.12903682189542484
695,0.13014329248366013
696,0.13021412581699346
697,0.13067634803921568
698,0.13084665032679738
699,0.13014466503267974
700,0.643544272875817
701,0.5962084885620915
702,0.5571676198257081
703,0.5206727614379085
704,0.48783903594771244
705,0.46239241557734206
706,0.43604792211328974
707,0.41813105664488015
708,0.3994613888888889
709,0.38290872549019606
710,0.3669349836601307
711,0.3559420996732026
712,0.345119158496732
713,0.3374402287581699
714,0.3304137636165577
715,0.3199557325708061
716,0.31592161764705884
717,0.3098153404139434
718,0.3059370751633987
719,0.30294835784313723
720,0.2971242293028322
721,0.290847470043573
722,0.287044855664488
723,0.2850919607843137
724,0.2838649074074074
725,0.28267742102396515
726,0.2821505473856209
727,0.28219617102396516
728,0.2799917946623094
729,0.27730231209150324
730,0.27655897331154683
731,0.2774534831154684
732,0.2755940767973856
733,0.274603311546841
734,0.27603604302832246
735,0.2771310430283224
736,0.2776687037037037
737,0.2752062745098039
738,0.27484485294117644
739,0.27588233387799566
740,0.2746357734204793
741,0.27404324074074077
742,0.2719363126361656
743,0.2732820969498911
744,0.27256256535947715
745,0.27352863017429196
746,0.2724562908496732
747,0.2707514950980392
748,0.2718249891067538
749,0.2716677832244009
750,0.2739240277777778
751,0.27328160675381263
752,0.2736690114379085
753,0.27282680283224403
754,0.2707860348583878
755,0.2695369498910675
756,0.26985767701525054
757,0.2703139297385621
758,0.2686354765795207
759,0.2652717592592593
760,0.2682053594771242
761,0.27116392156862745
762,0.2723124782135076
763,0.26800000816993463
764,0.2691289188453159
765,0.2672136274509804
766,0.26956418572984747
767,0.26922060185185187
768,0.2693009204793028
769,0.2690075680827887
770,0.2690841394335512
771,0.2705938725490196
772,0.2682992837690632
773,0.26767994008714596
774,0.26729743736383443
775,0.26522247004357297
776,0.2627365849673203
777,0.2647788725490196
778,0.26463535130718957
779,0.2645120969498911
780,0.2617851089324619
781,0.26300234477124185
782,0.26132101579520695
783,0.26068983387799566
784,0.2596514515250545
785,0.260015029956427
786,0.2600472031590414
787,0.26060120642701523
788,0.2607906018518519
789,0.26218146786492375
790,0.261125901416122
791,0.2608539433551198
792,0.25697322440087145
793,0.25505807189542484
794,0.2569477423747277
795,0.2575485539215686
796,0.2594373910675381
797,0.2608047494553377
798,0.2596141448801743
799,0.2615853976034858
800,0.6322905092592592
801,0.5737761328976035
802,0.5192468845315904
803,0.47079943355119824
804,0.4297859422657952
805,0.3926314651416122
806,0.3609055337690632
807,0.33276370098039215
808,0.3073939351851852
809,0.2864543300653595
810,0.267019621459695
811,0.2525709422657952
812,0.23708509531590413
813,0.22639214324618737
814,0.21630950163398693
815,0.20616998910675383
816,0.1976642565359477
817,0.19077776416122005
818,0.1838788017429194
819,0.17695235566448803
820,0.17102145697167756
821,0.16663057189542482
822,0.16276949891067538
823,0.1592256508714597
824,0.15650495098039216
825,0.15392429193899781
826,0.1511788425925926
827,0.14942234204793028
828,0.14636949074074074
829,0.14512862472766885
830,0.14364889161220043
831,0.1424270588235294
832,0.14138184640522874
833,0.1404548774509804
834,0.13910197440087146
835,0.13700484749455338
836,0.13683748093681916
837,0.1358080882352941
838,0.13403096132897604
839,0.13409063725490197
840,0.13437604575163398
841,0.13327381535947713
842,0.13450391612200435
843,0.1341128894335512
844,0.13459097222222222
845,0.13296617374727668
846,0.1339048148148148
847,0.1347368600217865
848,0.13505623910675382
849,0.13530193355119827
850,0.13389391067538126
851,0.1352494716775599
852,0.13499110838779957
853,0.13417938725490197
854,0.13463703703703703
855,0.13532502178649236
856,0.13355407952069717
857,0.13194403867102397
858,0.13279178921568627
859,0.13394644335511982
860,0.1331090114379085
861,0.134058052832244
862,0.13325879357298476
863,0.1340970533769063
864,0.13317128812636164
865,0.13362573529411764
866,0.1338798148148148
867,0.13408661764705881
868,0.13406498093681918
869,0.13522615468409585
870,0.1340543382352941
871,0.13371404139433551
872,0.13283128812636166
873,0.1326057543572985
874,0.13312994008714596
875,0.13262282135076253
876,0.13086339052287582
877,0.13191973039215688
878,0.13252184368191722
879,0.13295107843137255
880,0.13438377723311548
881,0.134591917211329
882,0.13304106753812636
883,0.1334869253812636
884,0.13377795479302831
885,0.1326059477124183
886,0.13162841503267975
887,0.13123229575163398
888,0.1327035294117647
889,0.13258046840958607
890,0.13056588779956427
891,0.13024569989106755
892,0.13076788671023964
893,0.13121959694989108
894,0.13194788671023966
895,0.13154571078431374
896,0.1319123720043573
897,0.1314921868191721
898,0.13055803921568626
899,0.13031838779956428
900,0.64968977124183
901,0.600342380174292
902,0.5559031454248367
903,0.5169788425925926
904,0.48621316448801744
905,0.4610093518518519
906,0.4389241394335512
907,0.41856064814814814
908,0.3999759831154684
909,0.384176220043573
910,0.3677055637254902
911,0.3554980909586057
912,0.3457735484749455
913,0.3334286846405229
914,0.32632808823529413
915,0.317511712962963
916,0.3108353022875817
917,0.30630431644880174
918,0.30103885620915033
919,0.2936401007625272
920,0.2920053104575163
921,0.28929825708061
922,0.28617182734204794
923,0.2860423774509804
924,0.2853707679738562
925,0.28287823529411765
926,0.2806457461873638
927,0.2793185403050109
928,0.27801882897603486
929,0.2749024564270153
930,0.2719201116557734
931,0.2704985648148148
932,0.2707822630718954
933,0.27250426470588235
934,0.2725151089324619
935,0.27361733387799564
936,0.27321261165577343
937,0.27184250816993466
938,0.2726834885620915
939,0.27368298747276687
940,0.2721902614379085
941,0.2706777859477124
942,0.2730802559912854
943,0.27154231753812635
944,0.2700767837690632
945,0.26908766339869283
946,0.26927372821350765
947,0.269951628540305
948,0.2694960430283224
949,0.26705970588235295
950,0.26537404956427013
951,0.2665739433551198
952,0.2666848039215686
953,0.26497880446623095
954,0.2630408142701525
955,0.2629931399782135
956,0.26449208877995645
957,0.26304315359477126
958,0.26417253540305013
959,0.2634913235294118
960,0.26293187908496735
961,0.25950264433551196
962,0.259766977124183
963,0.25994933551198257
964,0.26071355936819174
965,0.2612287445533769
966,0.2595235702614379
967,0.2602332598039216
968,0.2611495234204793
969,0.2611043600217865
970,0.263374098583878
971,0.264735901416122
972,0.2631967647058824
973,0.26080739379084966
974,0.259572295751634
975,0.2633947630718954
976,0.26501694444444446
977,0.26672727668845314
978,0.26478577614379084
979,0.2644255038126362
980,0.26259943899782134
981,0.2640302151416122
982,0.2656060049019608
983,0.2625894362745098
984,0.26211871732026143
985,0.2607726906318083
986,0.2594819825708061
987,0.26104099128540303
988,0.2603392973856209
989,0.26097073529411763
990,0.2633345860566449
991,0.26434739379084965
992,0.26205980119825706
993,0.26053207244008714
994,0.2610034068627451
995,0.26209062363834423
996,0.26184406045751635
997,0.2610795343137255
998,0.2624536029411765
999,0.25873671296296297
1000,0.6346773937908496
1001,0.5725608333333333
1002,0.5191717810457517
1003,0.471191424291939
1004,0.42798707244008716
1005,0.3912803867102396
1006,0.35986371732026146
1007,0.3318569335511983
1008,0.309316538671024
1009,0.2888409558823529
1010,0.2717307489106754
1011,0.2554166639433551
1012,0.2401779765795207
1013,0.2279682734204793
1014,0.2178188425925926
1015,0.20913210784313727
1016,0.19684138071895424
1017,0.1898858088235294
1018,0.1847008551198257
1019,0.17913451525054466
1020,0.17532031045751634
1021,0.17094416666666667
1022,0.16613977124183008
1023,0.1617845234204793
1024,0.16018135893246188
1025,0.15690453159041395
1026,0.1546543899782135
1027,0.15349498093681918
1028,0.15106727124183006
1029,0.1485584994553377
1030,0.14728104302832243
1031,0.1453529711328976
1032,0.14319874455337692
1033,0.14302797930283223
1034,0.14228812636165578
1035,0.14155805555555556
1036,0.14005030501089324
1037,0.1372701688453159
1038,0.1372675
1039,0.1351586683006536
1040,0.13596192810457516
1041,0.1362488316993464
1042,0.13548223856209152
1043,0.13561505446623093
1044,0.13680990196078432
1045,0.13692714324618738
1046,0.1353520234204793
1047,0.13585114651416122
1048,0.1346870697167756
1049,0.1352188071895425
1050,0.1355597739651416
1051,0.13590526416122004
1052,0.13513040032679738
1053,0.1354291040305011
1054,0.1368894253812636
1055,0.13666950708061001
1056,0.13581980664488016
1057,0.13669717320261437
1058,0.13611306100217865
1059,0.13596649237472766
1060,0.13581162581699346
1061,0.13482577614379085
1062,0.13593611111111112
1063,0.13577389978213508
1064,0.13585113562091503
1065,0.13581327069716775
1066,0.1361844308278867
1067,0.13426530501089326
1068,0.13479016067538127
1069,0.13329017429193898
1070,0.13223794117647059
1071,0.1330856454248366
1072,0.13291261982570807
1073,0.13354674019607843
1074,0.1332716040305011
1075,0.13393556644880175
1076,0.13270578976034858
1077,0.1321942619825708
1078,0.13311508986928106
1079,0.13223772331154685
1080,0.13205628267973857
1081,0.13294185729847494
1082,0.1329611165577342
1083,0.1331411165577342
1084,0.13266841775599128
1085,0.13213224673202614
1086,0.1332647848583878
1087,0.13327969498910675
1088,0.13352226579520698
1089,0.13261182189542484
1090,0.13197600217864924
1091,0.1324576171023965
1092,0.1324137145969499
1093,0.13206602124183006
1094,0.13259752450980392
1095,0.13176916122004356
1096,0.13180039488017428
1097,0.13223659858387798
1098,0.1316050354030501
1099,0.13239183823529413
1100,0.6499279248366013
1101,0.6014775626361656
1102,0.5633122794117648
1103,0.527661484204793
1104,0.49651992919389976
1105,0.4686705419389978
1106,0.4431437282135076
1107,0.4191313017429194
1108,0.4005598774509804
1109,0.38514594498910676
1110,0.3722990876906318
1111,0.36009711601307187
1112,0.349426394335512
1113,0.3393763779956427
1114,0.330946484204793
1115,0.32570605392156865
1116,0.3156272276688453
1117,0.30850677015250544
1118,0.3067071623093682
1119,0.30152059095860567
1120,0.29490155501089327
1121,0.2900466203703704
1122,0.28573933006535945
1123,0.2827540277777778
1124,0.2804563480392157
1125,0.27766006808278865
1126,0.27721846677559914
1127,0.2760314733115468
1128,0.27704832516339867
1129,0.2769982325708061
1130,0.2750387690631808
1131,0.27546479302832244
1132,0.27294361383442267
1133,0.27160625816993467
1134,0.2706166122004357
1135,0.2698155283224401
1136,0.2706468491285403
1137,0.2697246432461874
1138,0.26899340413943357
1139,0.26828753812636164
1140,0.2691586437908497
1141,0.26904816993464054
1142,0.2691807788671024
1143,0.26632192265795207
1144,0.26724464324618735
1145,0.26485466775599126
1146,0.26405830610021785
1147,0.2639647903050109
1148,0.26365631808278867
1149,0.2650106508714597
1150,0.26554975762527233
1151,0.26613046296296294
1152,0.2664784940087146
1153,0.26691630718954246
1154,0.2670750490196078
1155,0.2680930038126362
1156,0.2678835348583878
1157,0.2680365931372549
1158,0.26842029411764706
1159,0.266700931372549
1160,0.26718885348583876
1161,0.2686408360566449
1162,0.269819128540305
1163,0.2676069308278867
1164,0.26618856209150327
1165,0.26486870642701527
1166,0.2647631345315904
1167,0.26683953703703706
1168,0.2689356045751634
1169,0.26890302287581697
1170,0.26714049019607844
1171,0.2682420806100218
1172,0.265346364379085
1173,0.26382792755991286
1174,0.2636161220043573
1175,0.2629567265795207
1176,0.2624929956427015
1177,0.26488547385620914
1178,0.2653884831154684
1179,0.26876392701525054
1180,0.2709709068627451
1181,0.2698670506535948
1182,0.2707426933551198
1183,0.270109158496732
1184,0.2687258850762527
1185,0.270052121459695
1186,0.26738957788671025
1187,0.2682289787581699
1188,0.2688565577342048
1189,0.2688381917211329
1190,0.27090047930283223
1191,0.26511093137254904
1192,0.2626262254901961
1193,0.2633052723311547
1194,0.2617066339869281
1195,0.2644289651416122
1196,0.26482545206971675
1197,0.2672770343137255
1198,0.2676846868191721
1199,0.26840440359477125
1200,0.6302155610021787
1201,0.5697328594771242
1202,0.5153457434640523
1203,0.4687103513071895
1204,0.42834627178649237
1205,0.3939024128540305
1206,0.36062660675381264
1207,0.33118154411764705
1208,0.307900288671024
1209,0.28936120642701524
1210,0.27178326525054464
1211,0.2546807080610022
1212,0.2409653376906318
1213,0.22792720043572984
1214,0.21693629901960784
1215,0.20544470043572985
1216,0.19864277233115468
1217,0.18938147875816994
1218,0.1827624237472767
1219,0.177786977124183
1220,0.17314129901960784
1221,0.16671377450980393
1222,0.1624262608932462
1223,0.1587447331154684
1224,0.1557265223311547
1225,0.15217688725490197
1226,0.15036715413943355
1227,0.14784471405228758
1228,0.14729626089324618
1229,0.14501031318082788
1230,0.14334418845315905
1231,0.14159476851851852
1232,0.14040640522875816
1233,0.1421630882352941
1234,0.14175796023965143
1235,0.14234842864923747
1236,0.1421522194989107
1237,0.14082057189542482
1238,0.1400361519607843
1239,0.13983772331154684
1240,0.13851322167755992
1241,0.13707905773420478
1242,0.13607869008714596
1243,0.13523307461873638
1244,0.1354754820261438
1245,0.13443973856209152
1246,0.13463641067538126
1247,0.13538596132897604
1248,0.1342143082788671
1249,0.13255677015250544
1250,0.13351529411764707
1251,0.13466460784313725
1252,0.1342635294117647
1253,0.13190236928104576
1254,0.13211935185185186
1255,0.13172775326797387
1256,0.13144657952069716
1257,0.13196157135076253
1258,0.1321782734204793
1259,0.130498605664488
1260,0.13104670751633987
1261,0.1312200980392157
1262,0.13137174836601306
1263,0.13126006263616558
1264,0.1314210239651416
1265,0.1315988316993464
1266,0.13195029956427015
1267,0.1335206454248366
1268,0.13278535675381264
1269,0.13301702614379085
1270,0.13305698801742918
1271,0.13205976851851853
1272,0.13142256535947713
1273,0.13147422385620916
1274,0.13139828703703704
1275,0.13305337418300653
1276,0.13328077614379086
1277,0.13260462145969498
1278,0.1332089651416122
1279,0.13393720043572985
1280,0.13274035947712418
1281,0.13249941448801744
1282,0.13269698801742918
1283,0.13141313453159043
1284,0.13076342592592594
1285,0.13081371732026142
1286,0.1309282434640523
1287,0.12934002450980392
1288,0.1287155882352941
1289,0.12851635076252724
1290,0.12923913126361655
1291,0.12854716503267974
1292,0.12875103758169934
1293,0.12926981753812636
1294,0.12939382897603485
1295,0.1282713071895425
1296,0.1303096922657952
1297,0.12967388616557735
1298,0.12907915305010892
1299,0.1296050054466231
1300,0.6526856944444445
1301,0.6052785893246188
1302,0.5632322494553377
1303,0.5285239133986928
1304,0.4950538671023965
1305,0.4659510811546841
1306,0.4399426824618736
1307,0.4211712554466231
1308,0.401776339869281
1309,0.38544218137254904
1310,0.37110486383442265
1311,0.35888910947712416
1312,0.3490664705882353
1313,0.3379804003267974
1314,0.3283797222222222
1315,0.3234017347494553
1316,0.31610518246187364
1317,0.3107257625272331
1318,0.30589974673202613
1319,0.30155495098039214
1320,0.2966603948801743
1321,0.29276110566448804
1322,0.2909360130718954
1323,0.2846184531590414
1324,0.2809564297385621
1325,0.28008071623093683
1326,0.27952050653594773
1327,0.2799449019607843
1328,0.2793392565359477
1329,0.2794929193899782
1330,0.2789806345315904
1331,0.2774679547930283
1332,0.2733637145969499
1333,0.27231615468409587
1334,0.2709400408496732
1335,0.2687760403050109
1336,0.2698314488017429
1337,0.2697836737472767
1338,0.27038094226579523
1339,0.27314027505446625
1340,0.26929916122004355
1341,0.2693476906318083
1342,0.2674712854030501
1343,0.26824563725490197
1344,0.265387878540305
1345,0.2635608006535948
1346,0.26367698801742917
1347,0.26306532135076255
1348,0.26321175925925927
1349,0.2614519825708061
1350,0.2623316149237473
1351,0.2614059586056645
1352,0.2613327314814815
1353,0.2616394444444444
1354,0.2622437854030501
1355,0.26276045751633986
1356,0.26244998638344225
1357,0.26389972494553376
1358,0.26578444989106753
1359,0.2658560811546841
1360,0.2668241176470588
1361,0.26626802015250545
1362,0.26876656590413944
1363,0.2686059041394335
1364,0.26918330065359475
1365,0.267840348583878
1366,0.266132704248366
1367,0.267285
1368,0.26722104575163397
1369,0.2663889624183007
1370,0.2684681590413943
1371,0.268503605664488
1372,0.2640527450980392
1373,0.263042614379085
1374,0.2669756181917211
1375,0.2681661111111111
1376,0.2703963888888889
1377,0.2721663235294118
1378,0.27064170751633987
1379,0.26788695806100216
1380,0.26778957244008716
1381,0.26641884531590415
1382,0.26718574074074075
1383,0.26693209422657954
1384,0.26723710239651416
1385,0.2679444417211329
1386,0.26660817265795206
1387,0.26648348039215686
1388,0.2669580718954248
1389,0.26606406318082787
1390,0.2682680174291939
1391,0.2684579684095861
1392,0.2680697685185185
1393,0.26796584150326797
1394,0.26987199074074075
1395,0.26756110294117647
1396,0.2677641748366013
1397,0.26578565631808276
1398,0.26624728758169935
1399,0.2653932080610022
1400,0.6290283333333333
1401,0.5668989950980392
1402,0.5162057652505446
1403,0.4705713589324619
1404,0.4302191748366013
1405,0.3927877723311547
1406,0.3619937309368192
1407,0.33466980936819174
1408,0.30954956154684093
1409,0.2910698447712418
1410,0.27066808278867105
1411,0.2528370588235294
1412,0.2397916094771242
1413,0.22695753267973856
1414,0.2159794008714597
1415,0.2049996269063181
1416,0.1976711628540305
1417,0.18990062636165578
1418,0.18392166666666668
1419,0.1785545288671024
1420,0.17288041122004358
1421,0.1696387091503268
1422,0.16486093954248365
1423,0.1606188262527233
1424,0.1576522794117647
1425,0.15497605119825708
1426,0.1550403431372549
1427,0.15191557734204794
1428,0.14961938725490195
1429,0.14759930010893246
1430,0.1456699537037037
1431,0.14439521241830067
1432,0.14265978758169934
1433,0.14204781318082788
1434,0.14054142701525055
1435,0.14107602668845315
1436,0.13943225762527234
1437,0.1385956917211329
1438,0.13796226307189544
1439,0.1355420125272331
1440,0.13435535947712418
1441,0.1338925108932462
1442,0.1330348311546841
1443,0.13332584694989108
1444,0.13470744553376907
1445,0.1336837962962963
1446,0.13386662037037036
1447,0.13323434640522877
1448,0.13444942538126362
1449,0.13458193355119827
1450,0.13399471405228758
1451,0.1334209477124183
1452,0.13330071350762526
1453,0.1328970288671024
1454,0.1333214760348584
1455,0.13381473583877995
1456,0.13158924019607843
1457,0.13288348039215686
1458,0.13439006263616557
1459,0.1346285920479303
1460,0.1351950762527233
1461,0.1358916503267974
1462,0.13508177559912854
1463,0.13539020697167756
1464,0.13518171296296297
1465,0.1339062037037037
1466,0.13434555010893245
1467,0.13273767156862745
1468,0.13368535947712418
1469,0.1328222494553377
1470,0.1324754003267974
1471,0.1329591176470588
1472,0.13320499727668844
1473,0.13258085784313725
1474,0.13306593137254902
1475,0.13352096405228758
1476,0.1322879711328976
1477,0.1332641339869281
1478,0.13221769335511982
1479,0.13268044934640522
1480,0.13399478758169936
1481,0.13415679466230937
1482,0.13413084422657953
1483,0.13292468954248365
1484,0.13247168845315904
1485,0.13258714869281046
1486,0.13313973583877994
1487,0.13409784586056644
1488,0.13296321895424837
1489,0.13348567810457515
1490,0.13351747276688453
1491,0.1333683496732026
1492,0.1339840413943355
1493,0.13340544934640522
1494,0.1326103540305011
1495,0.13425671296296296
1496,0.13414494825708062
1497,0.13295989106753814
1498,0.13249238017429193
1499,0.13316475762527233
1500,0.6465146187363835
1501,0.6014669008714597
1502,0.5600392047930284
1503,0.5228679139433551
1504,0.4934057380174292
1505,0.4668114106753813
1506,0.4403602668845316
1507,0.4143760348583878
1508,0.3967553240740741
1509,0.3796468409586057
1510,0.3648810866013072
1511,0.3550953948801743
1512,0.34426629901960787
1513,0.3322782325708061
1514,0.3251178622004357
1515,0.3187318681917211
1516,0.3104706045751634
1517,0.30516449074074076
1518,0.30079076525054466
1519,0.2966226906318083
1520,0.29186923474945536
1521,0.28722467320261436
1522,0.284959795751634
1523,0.2822810103485839
1524,0.28115817810457516
1525,0.2770580582788671
1526,0.27623659041394333
1527,0.2765445942265795
1528,0.2776123828976035
1529,0.27467553104575165
1530,0.27506279411764706
1531,0.27651170206971676
1532,0.27420951252723313
1533,0.2723291503267974
1534,0.2708642320261438
1535,0.2693607843137255
1536,0.2678835049019608
1537,0.26867867647058824
1538,0.26717127995642703
1539,0.2655547004357299
1540,0.26633519063180827
1541,0.2684453022875817
1542,0.27005220043572986
1543,0.2685938616557734
1544,0.26411079248366015
1545,0.26733954793028325
1546,0.26609159586056647
1547,0.2663344090413943
1548,0.2652682952069717
1549,0.26283392156862745
1550,0.26318473583877994
1551,0.2638504956427015
1552,0.2622460403050109
1553,0.26169886165577344
1554,0.262602848583878
1555,0.2635486301742919
1556,0.2645169308278867
1557,0.26389272875816994
1558,0.2614371732026144
1559,0.2617764651416122
1560,0.26158771241830064
1561,0.2648865168845316
1562,0.26069991013071897
1563,0.2628068300653595
1564,0.2610121786492375
1565,0.2594223992374728
1566,0.2582193082788671
1567,0.2581381862745098
1568,0.2600966230936819
1569,0.26269322167755993
1570,0.2610880800653595
1571,0.2606468191721133
1572,0.26154939542483663
1573,0.2645397794117647
1574,0.2634537908496732
1575,0.2644455174291939
1576,0.2631750816993464
1577,0.26304210239651415
1578,0.2607744389978214
1579,0.262520582788671
1580,0.26027856209150324
1581,0.259486862745098
1582,0.2611045424836601
1583,0.2616377314814815
1584,0.263034272875817
1585,0.26413249727668847
1586,0.26569890250544664
1587,0.26643224673202615
1588,0.2668096105664488
1589,0.2646782216775599
1590,0.2668776579520697
1591,0.26503453703703705
1592,0.2629024237472767
1593,0.2617765577342048
1594,0.26029411764705884
1595,0.2603421296296296
1596,0.2634225217864924
1597,0.25932614923747277
1598,0.2611075816993464
1599,0.26237513616557734
1600,0.630548834422658
1601,0.5696887064270153
1602,0.5155963834422658
1603,0.46909969226579523
1604,0.43003379901960787
1605,0.39333558278867103
1606,0.36188107843137257
1607,0.33291516612200434
1608,0.30992294389978214
1609,0.2860992020697168
1610,0.26848812908496733
1611,0.253495787037037
1612,0.2390546677559913
1613,0.2274901797385621
1614,0.21851194444444444
1615,0.2079353948801743
1616,0.20084833605664487
1617,0.1917150571895425
1618,0.18598793572984748
1619,0.17855948529411764
1620,0.17287376633986928
1621,0.167111802832244
1622,0.1626020860566449
1623,0.15979907135076252
1624,0.15496642156862744
1625,0.15127319989106755
1626,0.14956036492374727
1627,0.14796272875816993
1628,0.14468019880174293
1629,0.14348317538126362
1630,0.14212367647058824
1631,0.14127445806100217
1632,0.1396402151416122
1633,0.13882204520697167
1634,0.13922108932461874
1635,0.1387898420479303
1636,0.13903286764705883
1637,0.13765294934640523
1638,0.13673657407407408
1639,0.1364439596949891
1640,0.13672764705882354
1641,0.13660526960784314
1642,0.13685409041394336
1643,0.13652776960784313
1644,0.1365517783224401
1645,0.13422226579520696
1646,0.1341123665577342
1647,0.13268903050108932
1648,0.13258003812636165
1649,0.13134593137254902
1650,0.13236343954248367
1651,0.13161768790849673
1652,0.1331957625272331
1653,0.13314415577342048
1654,0.1335272549019608
1655,0.132197295751634
1656,0.13277188453159042
1657,0.13160565359477125
1658,0.13213577614379085
1659,0.1325660593681917
1660,0.13216999183006536
1661,0.13283030501089324
1662,0.13299427015250545
1663,0.1344174074074074
1664,0.13450114923747278
1665,0.13427239379084968
1666,0.1343986220043573
1667,0.13415404411764706
1668,0.1323190305010893
1669,0.13143824618736383
1670,0.13129752723311547
1671,0.12890947712418302
1672,0.12881567810457517
1673,0.13004151416122003
1674,0.129699621459695
1675,0.12965683551198257
1676,0.12962369008714597
1677,0.12989856753812637
1678,0.13095344498910674
1679,0.1305490876906318
1680,0.1310910811546841
1681,0.13002949618736384
1682,0.1308830691721133
1683,0.13083541122004358
1684,0.12995881535947712
1685,0.12947860021786492
1686,0.12981941721132897
1687,0.1304258959694989
1688,0.1307251116557734
1689,0.130607704248366
1690,0.12988554738562091
1691,0.13077194444444445
1692,0.13131174836601306
1693,0.13269870098039216
1694,0.13310908224400872
1695,0.1330137091503268
1696,0.13357283496732025
1697,0.13329470860566447
1698,0.1338321459694989
1699,0.1325755746187364
1700,0.647516190087146
1701,0.6010498883442266
1702,0.5575331563180828
1703,0.5253382325708061
1704,0.49151959150326796
1705,0.464914651416122
1706,0.4417502913943355
1707,0.42303818899782136
1708,0.4056139133986928
1709,0.3889284395424837
1710,0.37598050381263615
1711,0.3624394281045752
1712,0.3509186819172113
1713,0.342406772875817
1714,0.3359786546840959
1715,0.3273063779956427
1716,0.3203435811546841
1717,0.31260392156862743
1718,0.3072151089324619
1719,0.30275669389978216
1720,0.2985800462962963
1721,0.29530383714596947
1722,0.29070862472766884
1723,0.2883402614379085
1724,0.2876273774509804
1725,0.28518894335511985
1726,0.2850300163398693
1727,0.2814659123093682
1728,0.2818790359477124
1729,0.2798193654684096
1730,0.27961451252723313
1731,0.27599698801742917
1732,0.273906712962963
1733,0.27485192810457515
1734,0.2762826388888889
1735,0.27615404956427014
1736,0.27551329248366013
1737,0.2760124645969499
1738,0.2762573992374728
1739,0.2720581045751634
1740,0.27197618191721135
1741,0.26990292755991285
1742,0.27041781318082786
1743,0.27010264161220043
1744,0.27082870642701523
1745,0.26997143790849676
1746,0.2684437445533769
1747,0.26762431100217865
1748,0.26709094498910674
1749,0.26885462690631806
1750,0.26769293300653596
1751,0.2690120642701525
1752,0.26769667211328974
1753,0.26868733387799565
1754,0.2706413316993464
1755,0.2697837037037037
1756,0.2693480065359477
1757,0.27082814814814815
1758,0.2694086328976035
1759,0.26814805010893245
1760,0.26881088779956425
1761,0.2690315005446623
1762,0.2649401007625272
1763,0.2653799754901961
1764,0.2651876906318083
1765,0.2664754357298475
1766,0.26761450708061
1767,0.26670809640522875
1768,0.26630302559912855
1769,0.26489993736383444
1770,0.2642466013071895
1771,0.26815892701525057
1772,0.2675180119825708
1773,0.26608969498910673
1774,0.26430163671023965
1775,0.26239676470588236
1776,0.2621088752723312
1777,0.26287611928104576
1778,0.26477388616557734
1779,0.2669618436819172
1780,0.2666189433551198
1781,0.2662705882352941
1782,0.2685342810457516
1783,0.2686029302832244
1784,0.265812470043573
1785,0.2631937826797386
1786,0.2596164651416122
1787,0.26224914215686274
1788,0.2629965931372549
1789,0.2635704302832244
1790,0.2646177614379085
1791,0.2656045588235294
1792,0.2655447494553377
1793,0.2641074074074074
1794,0.26433582788671023
1795,0.26433273692810455
1796,0.26479162037037035
1797,0.2654327260348584
1798,0.26655853758169934
1799,0.266939038671024
1800,0.6296330773420479
1801,0.568570577342048
1802,0.5175796160130719
1803,0.47184773420479303
1804,0.4313063671023965
1805,0.3948862745098039
1806,0.3605598175381264
1807,0.3346791666666667
1808,0.30970170206971676
1809,0.28797063180827887
1810,0.26796272331154686
1811,0.25273713507625273
1812,0.23767130446623094
1813,0.22554294934640523
1814,0.21364063725490196
1815,0.2050513371459695
1816,0.19687531318082788
1817,0.19031434095860567
1818,0.18363957788671023
1819,0.1766660294117647
1820,0.17144596132897605
1821,0.16704670479302833
1822,0.16150972222222224
1823,0.15871893246187363
1824,0.1563261220043573
1825,0.15358290305010894
1826,0.15170683551198258
1827,0.14893460784313725
1828,0.14719481209150326
1829,0.14508361383442267
1830,0.14401407135076252
1831,0.14242940359477124
1832,0.14169640250544663
1833,0.14103215958605664
1834,0.14096860566448802
1835,0.13855070261437907
1836,0.13847181100217865
1837,0.13761140250544662
1838,0.13710765795206972
1839,0.13677314814814814
1840,0.13673745370370372
1841,0.13603
1842,0.1366462962962963
1843,0.13703716503267974
1844,0.13796353213507626
1845,0.13723377450980392
1846,0.13631052015250544
1847,0.13552339324618737
1848,0.1351510702614379
1849,0.13423488017429194
1850,0.1346477968409586
1851,0.13380133442265796
1852,0.13442318355119826
1853,0.13322183551198258
1854,0.13297153867102396
1855,0.13313575708061
1856,0.13341821895424838
1857,0.13439944172113288
1858,0.13379962418300653
1859,0.1335669417211329
1860,0.13345898692810457
1861,0.13372540305010894
1862,0.1329064133986928
1863,0.13205204248366012
1864,0.13295934640522875
1865,0.13364501906318083
1866,0.13366915032679738
1867,0.13402712690631807
1868,0.1331602559912854
1869,0.13276114379084966
1870,0.1327983551198257
1871,0.13271964869281047
1872,0.134039272875817
1873,0.1340580283224401
1874,0.1329224128540305
1875,0.13263587962962964
1876,0.13349742102396514
1877,0.13243147331154684
1878,0.1320205174291939
1879,0.13209580065359477
1880,0.13347722222222222
1881,0.13334886982570807
1882,0.13431852124183005
1883,0.13399833333333333
1884,0.1332136683006536
1885,0.13390381263616558
1886,0.13201020424836601
1887,0.1323108905228758
1888,0.1316885648148148
1889,0.13175304466230936
1890,0.13099108387799566
1891,0.12998718954248367
1892,0.13016563180827886
1893,0.1305688316993464
1894,0.1305593600217865
1895,0.13269960239651415
1896,0.1315507026143791
1897,0.1306570533769063
1898,0.13020768790849674
1899,0.13207150871459694
1900,0.6473098992374727
1901,0.5977444389978214
1902,0.5570140958605665
1903,0.5218846296296297
1904,0.4920143654684096
1905,0.46497200163398694
1906,0.4395648937908497
1907,0.4191715822440087
1908,0.4024214079520697
1909,0.3838272058823529
1910,0.3690772031590414
1911,0.35639020152505446
1912,0.3449284831154684
1913,0.33272314270152503
1914,0.3257383360566449
1915,0.3179652205882353
1916,0.3147051007625272
1917,0.3092501797385621
1918,0.3049177396514161
1919,0.30191833605664486
1920,0.29883431100217867
1921,0.29603683278867104
1922,0.29192407407407406
1923,0.28764225217864925
1924,0.28566285130718955
1925,0.28244297930283224
1926,0.28342966775599127
1927,0.2797690223311547
1928,0.2785233605664488
1929,0.27709523148148146
1930,0.27679720588235296
1931,0.27635160947712417
1932,0.27491175925925926
1933,0.27030334150326796
1934,0.26661350217864926
1935,0.26907299836601306
1936,0.26748693899782133
1937,0.2679774074074074
1938,0.26699830610021785
1939,0.26735890522875816
1940,0.26663453703703704
1941,0.26513735294117646
1942,0.26561995098039215
1943,0.2663204466230937
1944,0.2656942456427015
1945,0.2636455855119826
1946,0.26290964869281047
1947,0.26402616013071895
1948,0.2659693709150327
1949,0.2656260811546841
1950,0.26573396786492376
1951,0.26705649237472767
1952,0.2670046732026144
1953,0.2695017047930283
1954,0.2697280473856209
1955,0.268189537037037
1956,0.2678508496732026
1957,0.2655505855119826
1958,0.265839183006536
1959,0.2647455392156863
1960,0.2626060321350763
1961,0.2637292783224401
1962,0.2659433959694989
1963,0.26559008442265797
1964,0.26479312636165575
1965,0.2614663861655773
1966,0.26202779956427014
1967,0.26321318355119827
1968,0.2633652260348584
1969,0.2617217102396514
1970,0.26177786220043575
1971,0.259781688453159
1972,0.2621176198257081
1973,0.2625232380174292
1974,0.26307339869281043
1975,0.2618376688453159
1976,0.26576946623093683
1977,0.2659782952069717
1978,0.26478835784313726
1979,0.265845931372549
1980,0.26703012527233116
1981,0.26664098583877993
1982,0.26611710239651415
1983,0.2677303730936819
1984,0.2672142919389978
1985,0.2662818409586057
1986,0.2665594362745098
1987,0.2660733551198257
1988,0.26578975217864925
1989,0.2659003649237473
1990,0.264117385620915
1991,0.26218428921568626
1992,0.2619198665577342
1993,0.2625073148148148
1994,0.26293369825708063
1995,0.26371339324618737
1996,0.2646660484749455
1997,0.2625202096949891
1998,0.2623420942265795
1999,0.26169777505446623
